{
  "name": "Common",
  "displayFormat": "£%d",
  "wallet": {
    "createWalletItem": true,
    "needItemToAccess": false,
    "modKeybind": "1",
    "pickupIntoWallet": true,
    "deathPercentageDropped": 0.0,
    "deathPercentageLost": 0.0
  },
  "variants": [
    {
      "name": "Copper",
      "value": 1,
      "itemMatcher": {"stack": {"item": {"id": "rpg_economy:item.currency", "damage": 0}, "matchMeta": true, "matchNBT": false}}
    },
    {
      "name": "Silver",
      "value": 10,
      "itemMatcher": {"stack": {"item": {"id": "rpg_economy:item.currency", "damage": 1}, "matchMeta": true, "matchNBT": false}}
    },
    {
      "name": "Gold",
      "value": 100,
      "itemMatcher": {"stack": {"item": {"id": "rpg_economy:item.currency", "damage": 2}, "matchMeta": true, "matchNBT": false}}
    },
    {
      "name": "Platinum",
      "value": 1000,
      "itemMatcher": {"stack": {"item": {"id": "rpg_economy:item.currency", "damage": 3}, "matchMeta": true, "matchNBT": false}}
    },
    {
      "name": "Emerald",
      "value": 10000,
      "itemMatcher": {"stack": {"item": {"id": "rpg_economy:item.currency", "damage": 4}, "matchMeta": true, "matchNBT": false}}
    },
    {
      "name": "Diamond",
      "value": 100000,
      "itemMatcher": {"stack": {"item": {"id": "rpg_economy:item.currency", "damage": 5}, "matchMeta": true, "matchNBT": false}}
    }
  ]
}