{
  "name": "Main",
  "characterLimit": 500,
  "messageCost": {"items": [], "currency": {"currency": "Common", "amount": 15}},
  "attachmentCost": {"items": [], "currency": {"currency": "Common", "amount": 50}},
  "inboxSize": 50,
  "maxAttachments": 9,
  "sendingEnabled": true,
  "allowSendingToSelf": false,
  "mailboxFlagRender": true,
  "mailboxFlagRenderDistance": 32,
  "loginChatNotification": true,
  "notifications": [
    {
      "type": "guiIcon",
      "guiClassPath": "minecraft.client.gui.chat",
      "posX": "0.5",
      "posY": "0.1",
      "iconIndex": 3
    },
    {
      "type": "toast",
      "guiClassPath": "minecraft.client.gui.chat",
      "posX": "0.5",
      "posY": "0.1",
      "iconIndex": 3
    }
  ]
}