{
  "name": "Bank Of Economy",
  "depositCost": {},
  "withdrawCost": {},
  "tabSlotCountWidth": 9,
  "tabSlotCountHeight": 4,
  "tabStartingCount": 1,
  "tabMaxCount": 10,
  "tabUnlockCosts": [
    {"items": [], "currency": {"currency": "Common", "amount": 100}},
    {"items": [], "currency": {"currency": "Common", "amount": 250}},
    {"items": [], "currency": {"currency": "Common", "amount": 500}},
    {"items": [], "currency": {"currency": "Common", "amount": 1000}},
    {"items": [], "currency": {"currency": "Common", "amount": 2500}},
    {"items": [], "currency": {"currency": "Common", "amount": 5000}},
    {"items": [], "currency": {"currency": "Common", "amount": 10000}},
    {"items": [], "currency": {"currency": "Common", "amount": 25000}},
    {"items": [], "currency": {"currency": "Common", "amount": 50000}}
  ]
}